
{
    "nodes" : [
        {
            "node": "elasticsearch",
            "vm_size": "Standard_A1",
            "memory": "2200",
	    "cpus": "2",
            "hostname": "monitoring-node",
            "ip": "10.211.55.100",
            "ports":[],
            "playbook": "monitoringserver.yml",
            "apt_cache": true,
            "aliases" : ["monitoring.microservice.io"]
        },
        {
            "node": "reposerver",
            "vm_size": "Standard_A0",
            "hostname": "ci-repo",
            "memory": "512",
	    "cpus": "1",
            "ip": "10.211.55.201",
            "ports":[ ],
            "playbook": "reposerver.yml",
            "apt_cache": true,
            "aliases" : ["ci-repo.microservice.io"]
        },
        {
            "node": "dbserver",
            "vm_size": "Standard_A1",
            "hostname": "mongodb-node",
            "memory": "1024",
	    "cpus": "1",
            "ip": "10.211.55.202",
            "ports":[
                {"host": 27017, "guest": 27017, "auto_correct": true},  //Mongo
                {"host": 6379, "guest": 6379, "auto_correct": true}     //Redis
            ],
            "playbook": "databaseserver.yml",
            "apt_cache": true,
            "aliases" : [
                "redis-node",
                "redis.microservice.io",
                "mongo.microservice.io"
            ]
        },
        {
            "node": "appserver1",
            "vm_size": "Standard_A1",
            "memory": "1536",
	    "cpus": "1",
            "hostname": "app-server-node-1",
            "ip": "10.211.55.101",
            "ports":[],
            "playbook": "monolitic_appserver.yml",
            "apt_cache": true,
            "aliases" : ["test.monolith.io"]
        },
        {
            "node": "appserver2",
            "vm_size": "Standard_A1",
            "memory": "1536",
	    "cpus": "1",
            "hostname": "app-server-node-2",
            "ip": "10.211.55.102",
            "ports":[],
            "playbook": "monolitic_appserver.yml",
            "apt_cache": true,
            "aliases" : ["shop.monolith.io"]
        },
        {
            "node": "appserver3",
            "vm_size": "Standard_D1",
            "memory": "1200",
	    "cpus": "1",
            "hostname": "app-server-node-3",
            "ip": "10.211.55.103",
            "ports":[],
            "playbook": "micro_appserver.yml",
            "apt_cache": false,
            "aliases" : [
                "test-shop.microservice.io",
                "test-checkout.microservice.io",
                "test-registration.microservice.io"
            ]
        },
        {
            "node": "appserver4",
            "vm_size": "Standard_D1",
            "memory": "1200",
	    "cpus": "1",
            "hostname": "app-server-node-4",
            "ip": "10.211.55.104",
            "ports":[],
            "playbook": "micro_appserver.yml",
            "apt_cache": false,
            "aliases" : [
                "shop.microservice.io",
                "checkout.microservice.io",
                "registration.microservice.io"
            ]
        },
        {
            "node": "appserver5",
            "vm_size": "Standard_D1",
            "memory": "1200",
	    "cpus": "1",
            "hostname": "app-server-node-5",
            "ip": "10.211.55.105",
            "ports":[],
            "playbook": "micro_appserver.yml",
            "apt_cache": false,
            "aliases" : [
                "shop.microservice.io",
                "checkout.microservice.io",
                "registration.microservice.io"
            ]
        },
        {
            "node": "buildserver",
            "vm_size": "Standard_D1",
            "memory": "3200",
	    "cpus": "4",
            "hostname": "ci-node",
            "ip": "10.211.55.200",
            "ports":[],
            "playbook": "buildserver.yml",
            "apt_cache": true,
            "aliases" : ["ci.microservice.io"]
        }
    ]
}
