<?xml version="1.0" encoding="UTF-8"?><project>
  <actions/>
  <description/>
  <logRotator class="hudson.tasks.LogRotator">
    <daysToKeep>5</daysToKeep>
    <numToKeep>5</numToKeep>
    <artifactDaysToKeep>-1</artifactDaysToKeep>
    <artifactNumToKeep>-1</artifactNumToKeep>
  </logRotator>
  <keepDependencies>false</keepDependencies>
  <properties/>
  <scm class="hudson.plugins.git.GitSCM" plugin="git@2.2.5">
    <configVersion>2</configVersion>
    <userRemoteConfigs>
      <hudson.plugins.git.UserRemoteConfig>
        <url>/var/lib/jenkins/repo-cache/appstash</url>
      </hudson.plugins.git.UserRemoteConfig>
    </userRemoteConfigs>
    <branches>
      <hudson.plugins.git.BranchSpec>
        <name>${BRANCH_TO_BUILD}</name>
      </hudson.plugins.git.BranchSpec>
    </branches>
    <doGenerateSubmoduleConfigurations>false</doGenerateSubmoduleConfigurations>
    <submoduleCfg class="list"/>
    <extensions/>
  </scm>
  <canRoam>true</canRoam>
  <disabled>false</disabled>
  <blockBuildWhenDownstreamBuilding>false</blockBuildWhenDownstreamBuilding>
  <blockBuildWhenUpstreamBuilding>false</blockBuildWhenUpstreamBuilding>
  <triggers>
    <hudson.triggers.SCMTrigger>
      <spec>H/60 * * * *</spec>
      <ignorePostCommitHooks>false</ignorePostCommitHooks>
    </hudson.triggers.SCMTrigger>
  </triggers>
  <concurrentBuild>false</concurrentBuild>
  <builders>
    <hudson.tasks.Shell>
      <command>./gradlew -p monolithic/repository test
./gradlew -p monolithic/service/authentication test
./gradlew -p monolithic/service/checkout test
./gradlew -p monolithic/service/user test
./gradlew -p monolithic/ui test war</command>
    </hudson.tasks.Shell>
  </builders>
  <publishers>
    <hudson.tasks.ArtifactArchiver>
      <artifacts>**/*.war</artifacts>
      <allowEmptyArchive>false</allowEmptyArchive>
      <onlyIfSuccessful>false</onlyIfSuccessful>
      <fingerprint>false</fingerprint>
      <defaultExcludes>true</defaultExcludes>
    </hudson.tasks.ArtifactArchiver>
    <hudson.tasks.junit.JUnitResultArchiver plugin="junit@1.19">
      <testResults>**/monolithic/service/user/build/test-results/*.xml,**/monolithic/service/authentication/build/test-results/*.xml,**/monolithic/service/checkout/build/test-results/*.xml,**/monolithic/service/cart/build/test-results/*.xml,**/monolithic/ui/build/test-results/*.xml,**/monolithic/repository/order/build/test-results/*.xml,**/monolithic/repository/user/build/test-results/*.xml,**/monolithic/repository/product/build/test-results/*.xml,**/monolithic/repository/cart/build/test-results/*.xml,</testResults>
      <keepLongStdio>false</keepLongStdio>
      <healthScaleFactor>1.0</healthScaleFactor>
      <allowEmptyResults>false</allowEmptyResults>
    </hudson.tasks.junit.JUnitResultArchiver>
  </publishers>
  <buildWrappers/>
</project>
