<?xml version="1.0" encoding="UTF-8"?><project>
  <actions/>
  <description/>
  <logRotator class="hudson.tasks.LogRotator">
    <daysToKeep>1</daysToKeep>
    <numToKeep>1</numToKeep>
    <artifactDaysToKeep>-1</artifactDaysToKeep>
    <artifactNumToKeep>-1</artifactNumToKeep>
  </logRotator>
  <keepDependencies>false</keepDependencies>
  <properties/>
  <scm class="hudson.scm.NullSCM"/>
  <canRoam>true</canRoam>
  <disabled>false</disabled>
  <blockBuildWhenDownstreamBuilding>false</blockBuildWhenDownstreamBuilding>
  <blockBuildWhenUpstreamBuilding>false</blockBuildWhenUpstreamBuilding>
  <triggers/>
  <concurrentBuild>false</concurrentBuild>
  <builders>
    <hudson.tasks.Shell>
      <command>cd /var/lib/jenkins/repo-cache/appstash; git remote set-url origin ${GIT_REPOSITORY}; git fetch origin +refs/heads/*:refs/heads/* --prune</command>
    </hudson.tasks.Shell>
  </builders>
  <publishers/>
  <buildWrappers/>
</project>
